,Unnamed: 0.7,Unnamed: 0.6,Unnamed: 0.5,Unnamed: 0.4,Unnamed: 0.3,Unnamed: 0.2,Unnamed: 0.1,Unnamed: 0,Name,sub_catagory,catagory
0,0.0,0.0,0.0,0.0,0.0,0.0,0.0,0.0,Brinjal And Beetroot Chips R,healthy,
1,1.0,1.0,1.0,1.0,1.0,1.0,1.0,1.0,Bok Choy Salad R,healthy,
2,2.0,2.0,2.0,2.0,2.0,2.0,2.0,2.0,Lal Bhoplyacha Bharit (Red Pumpkin Raita) R,healthy,
3,3.0,3.0,3.0,3.0,3.0,3.0,3.0,3.0,Beetroot Idli Fry R,healthy,
4,4.0,4.0,4.0,4.0,4.0,4.0,4.0,4.0,Millet Curd Rice R,healthy,
5,5.0,5.0,5.0,5.0,5.0,5.0,5.0,5.0,Anjeer Water R,healthy,
6,6.0,6.0,6.0,6.0,6.0,6.0,6.0,6.0,Healthy Air Fryer Matar R,healthy,
7,7.0,7.0,7.0,7.0,7.0,7.0,7.0,7.0,Lemon Ginger Kadha R,healthy,
8,8.0,8.0,8.0,8.0,8.0,8.0,8.0,8.0,Stuffed Palak Idli R,healthy,
9,9.0,9.0,9.0,9.0,9.0,9.0,9.0,9.0,Anjeer Badam Milkshake R,healthy,
10,10.0,10.0,10.0,10.0,10.0,10.0,10.0,10.0,Corn Palak Khichdi R,healthy,
11,11.0,11.0,11.0,11.0,11.0,11.0,11.0,11.0,Bajra Ki Raab R,healthy,
12,12.0,12.0,12.0,12.0,12.0,12.0,12.0,12.0,Low Calorie Teen Ratna Dal R,healthy,
13,13.0,13.0,13.0,13.0,13.0,13.0,13.0,13.0,Methi Turmeric Tea R,healthy,
14,14.0,14.0,14.0,14.0,14.0,14.0,14.0,14.0,Protein Bhel R,healthy,
15,15.0,15.0,15.0,15.0,15.0,15.0,15.0,15.0,Moong Dal Nuggets R,healthy,
16,16.0,16.0,16.0,16.0,16.0,16.0,16.0,16.0,Tricolor Veggie Delight Salad R,healthy,
17,17.0,17.0,17.0,17.0,17.0,17.0,17.0,17.0,Jeera Paachak Goli R,healthy,
18,18.0,18.0,18.0,18.0,18.0,18.0,18.0,18.0,Atta Vegetable Khichdi R,healthy,
19,19.0,19.0,19.0,19.0,19.0,19.0,19.0,19.0,Atta Vegetable Dosa R,healthy,
20,20.0,20.0,20.0,20.0,20.0,20.0,20.0,20.0,Vegetable Roti R,healthy,
21,21.0,21.0,21.0,21.0,21.0,21.0,21.0,21.0,Non Fried Masala Banana Chips R,healthy,
22,22.0,22.0,22.0,22.0,22.0,22.0,22.0,22.0,Green Moong Cutlet R,healthy,
23,23.0,23.0,23.0,23.0,23.0,23.0,23.0,23.0,Lau Dalma (Odia Lauki Dal) R,healthy,
24,24.0,24.0,24.0,24.0,24.0,24.0,24.0,24.0,Healthy Karela Tikki R,healthy,
25,25.0,25.0,25.0,25.0,25.0,25.0,25.0,25.0,Oats Pizza Crust R,healthy,
26,26.0,26.0,26.0,26.0,26.0,26.0,26.0,26.0,Carrot Coriander Juice R,healthy,
27,27.0,27.0,27.0,27.0,27.0,27.0,27.0,27.0,Palak Paneer Uttapam R,healthy,
28,28.0,28.0,28.0,28.0,28.0,28.0,28.0,28.0,Oats Moong Dal Tikki R,healthy,
29,29.0,29.0,29.0,29.0,29.0,29.0,29.0,29.0,Mixed Fruit Lassi R,healthy,
30,30.0,30.0,30.0,30.0,30.0,30.0,30.0,30.0,No-Oil Vegetable Pulao R,healthy,
31,31.0,31.0,31.0,31.0,31.0,31.0,31.0,31.0,Makhmali Paneer Tikka R,healthy,
32,32.0,32.0,32.0,32.0,32.0,32.0,32.0,32.0,Apple Oats Chia Seeds Smoothie R,healthy,
33,33.0,33.0,33.0,33.0,33.0,33.0,33.0,33.0,Ragi Cheela R,healthy,
34,34.0,34.0,34.0,34.0,34.0,34.0,34.0,34.0,Moong Dal Toast R,healthy,
35,35.0,35.0,35.0,35.0,35.0,35.0,35.0,35.0,Warm Cucumber Lemon Salad R,healthy,
36,36.0,36.0,36.0,36.0,36.0,36.0,36.0,36.0,Turmeric Milk Tea R,healthy,
37,37.0,37.0,37.0,37.0,37.0,37.0,37.0,37.0,Soya Chana Dal Bhurji R,healthy,
38,38.0,38.0,38.0,38.0,38.0,38.0,38.0,38.0,Masoor Dal Khichdi R,healthy,
39,39.0,39.0,39.0,39.0,39.0,39.0,39.0,39.0,Banana Kheer R,healthy,
40,40.0,40.0,40.0,40.0,40.0,40.0,40.0,40.0,3-Ingredient Peanut Protein Bar R,healthy,
41,41.0,41.0,41.0,41.0,41.0,41.0,41.0,41.0,Paneer Roastie R,healthy,
42,42.0,42.0,42.0,42.0,42.0,42.0,42.0,42.0,Lauki Besan Cheela R,healthy,
43,43.0,43.0,43.0,43.0,43.0,43.0,43.0,43.0,Paneer Paratha R,healthy,
44,44.0,44.0,44.0,44.0,44.0,44.0,44.0,44.0,Makhana Dosa R,healthy,
45,45.0,45.0,45.0,45.0,45.0,45.0,45.0,45.0,Persian Roasted Egg Plant Salad R,healthy,
46,46.0,46.0,46.0,46.0,46.0,46.0,46.0,46.0,Multigrain Cheela R,healthy,
47,47.0,47.0,47.0,47.0,47.0,47.0,47.0,47.0,Indian Style Kachumber Salad R,healthy,
48,48.0,48.0,48.0,48.0,48.0,48.0,48.0,48.0,Foxtail Millet Pulao R,healthy,
49,49.0,49.0,49.0,49.0,49.0,49.0,49.0,49.0,Kodo Millet Upma R,healthy,
50,50.0,50.0,50.0,50.0,50.0,50.0,50.0,50.0,Jowar Upma R,healthy,
51,51.0,51.0,51.0,51.0,51.0,51.0,51.0,51.0,Churma Pockets R,snacks,
52,52.0,52.0,52.0,52.0,52.0,52.0,52.0,52.0,Khaman Dhokla R,snacks,
53,53.0,53.0,53.0,53.0,53.0,53.0,53.0,53.0,Konkani Fried Chicken R,snacks,
54,54.0,54.0,54.0,54.0,54.0,54.0,54.0,54.0,Homemade Ice Pops R,snacks,
55,55.0,55.0,55.0,55.0,55.0,55.0,55.0,55.0,Vegan Galouti Kebabs R,snacks,
56,56.0,56.0,56.0,56.0,56.0,56.0,56.0,56.0,Cheesy Tandoori Chicken Wrap R,snacks,
57,57.0,57.0,57.0,57.0,57.0,57.0,57.0,57.0,Bengali Veg Chop R,snacks,
58,58.0,58.0,58.0,58.0,58.0,58.0,58.0,58.0,Strawberry Papad R,snacks,
59,59.0,59.0,59.0,59.0,59.0,59.0,59.0,59.0,Peri Peri Chicken Rolls R,snacks,
60,60.0,60.0,60.0,60.0,60.0,60.0,60.0,60.0,Air Fryer Kachori R,snacks,
61,61.0,61.0,61.0,61.0,61.0,61.0,61.0,61.0,Veg Fish Fry R,snacks,
62,62.0,62.0,62.0,62.0,62.0,62.0,62.0,62.0,Dahi Vada Shots R,snacks,
63,63.0,63.0,63.0,63.0,63.0,63.0,63.0,63.0,Eggless Banana Pancake R,snacks,
64,64.0,64.0,64.0,64.0,64.0,64.0,64.0,64.0,Healthy Air Fryer Matar R,snacks,
65,65.0,65.0,65.0,65.0,65.0,65.0,65.0,65.0,Stuffed Palak Idli R,snacks,
66,66.0,66.0,66.0,66.0,66.0,66.0,66.0,66.0,Achaari Paneer Kathi Roll R,snacks,
67,67.0,67.0,67.0,67.0,67.0,67.0,67.0,67.0,Air Fryer Spring Rolls R,snacks,
68,68.0,68.0,68.0,68.0,68.0,68.0,68.0,68.0,Paneer Schezwan Bread Roll R,snacks,
69,69.0,69.0,69.0,69.0,69.0,69.0,69.0,69.0,Mathri R,snacks,
70,70.0,70.0,70.0,70.0,70.0,70.0,70.0,70.0,Nachani Shankarpali R,snacks,
71,71.0,71.0,71.0,71.0,71.0,71.0,71.0,71.0,Bottoni Al Granchio Reale (Crab-Stuffed Pasta) R,snacks,
72,72.0,72.0,72.0,72.0,72.0,72.0,72.0,72.0,Kaddu Ki Sabji R,snacks,
73,73.0,73.0,73.0,73.0,73.0,73.0,73.0,73.0,Kacche Kele Aur Varai (Sams) Ki Tikki R,snacks,
74,74.0,74.0,74.0,74.0,74.0,74.0,74.0,74.0,Sabudana Tikki R,snacks,
75,75.0,75.0,75.0,75.0,75.0,75.0,75.0,75.0,Samak Rice Chilla R,snacks,
76,76.0,76.0,76.0,76.0,76.0,76.0,76.0,76.0,Crunchy Aloo Veggie Toast R,snacks,
77,77.0,77.0,77.0,77.0,77.0,77.0,77.0,77.0,Ragi Loaf Kachori R,snacks,
78,78.0,78.0,78.0,78.0,78.0,78.0,78.0,78.0,Spinach And Cottage Cheese Cannelloni R,snacks,
79,79.0,79.0,79.0,79.0,79.0,79.0,79.0,79.0,Air Fryer Bread Pakoda R,snacks,
80,80.0,80.0,80.0,80.0,80.0,80.0,80.0,80.0,Sesame Garlic Egg Tempura R,snacks,
81,81.0,81.0,81.0,81.0,81.0,81.0,81.0,81.0,Tandoori Chicken Puffs R,snacks,
82,82.0,82.0,82.0,82.0,82.0,82.0,82.0,82.0,Multigrain Paneer Subway Sandwich R,snacks,
83,83.0,83.0,83.0,83.0,83.0,83.0,83.0,83.0,Cheesy Paneer Cigar Roll R,snacks,
84,84.0,84.0,84.0,84.0,84.0,84.0,84.0,84.0,Stuffed Besan Kachori R,snacks,
85,85.0,85.0,85.0,85.0,85.0,85.0,85.0,85.0,Veg Tempura Roll R,snacks,
86,86.0,86.0,86.0,86.0,86.0,86.0,86.0,86.0,Protein Bhel R,snacks,
87,87.0,87.0,87.0,87.0,87.0,87.0,87.0,87.0,Tandoori Aloo Kathi Roll R,snacks,
88,88.0,88.0,88.0,88.0,88.0,88.0,88.0,88.0,Healthy Medu Vada R,snacks,
89,89.0,89.0,89.0,89.0,89.0,89.0,89.0,89.0,Sattu Kachori R,snacks,
90,90.0,90.0,90.0,90.0,90.0,90.0,90.0,90.0,Moong Dal Nuggets R,snacks,
91,91.0,91.0,91.0,91.0,91.0,91.0,91.0,91.0,Cheesy Egg Bite R,snacks,
92,92.0,92.0,92.0,92.0,92.0,92.0,92.0,92.0,Chicken Schezwan Spring Rolls R,snacks,
93,93.0,93.0,93.0,93.0,93.0,93.0,93.0,93.0,Lucknow Seekh Hot Dog R,snacks,
94,94.0,94.0,94.0,94.0,94.0,94.0,94.0,94.0,Potato Chops (From Scratch) R,snacks,
95,95.0,95.0,95.0,95.0,95.0,95.0,95.0,95.0,Matar Paneer Tikki R,snacks,
96,96.0,96.0,96.0,96.0,96.0,96.0,96.0,96.0,Air Fryer Aloo Corn Cutlet R,snacks,
97,97.0,97.0,97.0,97.0,97.0,97.0,97.0,97.0,Sindhi-Style Aloo Tikki R,snacks,
98,98.0,98.0,98.0,98.0,98.0,98.0,98.0,98.0,Hara Bhara Soya Kebab R,snacks,
99,99.0,99.0,99.0,99.0,99.0,99.0,99.0,99.0,Tandoori Chicken Kathi Roll R,snacks,
100,100.0,100.0,100.0,100.0,100.0,100.0,100.0,100.0,Aloo Pyaaz Pakora R,snacks,
101,101.0,101.0,101.0,101.0,101.0,101.0,101.0,101.0,Crispy Aloo Bhajjiya R,snacks,
102,102.0,102.0,102.0,102.0,102.0,102.0,0.0,,Aankur Tondak R,vegetarian,
103,103.0,103.0,103.0,103.0,103.0,103.0,1.0,,Ennai Kathrikai Kulambu R,vegetarian,
104,104.0,104.0,104.0,104.0,104.0,104.0,2.0,,Beetroot Kofta Curry R,vegetarian,
105,105.0,105.0,105.0,105.0,105.0,105.0,3.0,,Chutney Pulao R,vegetarian,
106,106.0,106.0,106.0,106.0,106.0,106.0,4.0,,Beetroot Idli Fry R,vegetarian,
107,107.0,107.0,107.0,107.0,107.0,107.0,5.0,,Strawberry Papad R,vegetarian,
108,108.0,108.0,108.0,108.0,108.0,108.0,6.0,,Millet Curd Rice R,vegetarian,
109,109.0,109.0,109.0,109.0,109.0,109.0,7.0,,Veg Fish Fry R,vegetarian,
110,110.0,110.0,110.0,110.0,110.0,110.0,8.0,,Green Garlic Chutney R,vegetarian,
111,111.0,111.0,111.0,111.0,111.0,111.0,9.0,,Dhania Bharta (Bengali Dhone Pata Bata) R,vegetarian,
112,112.0,112.0,112.0,112.0,112.0,112.0,10.0,,Haryanvi Kadhi R,vegetarian,
113,113.0,113.0,113.0,113.0,113.0,113.0,11.0,,Anjeer Badam Milkshake R,vegetarian,
114,114.0,114.0,114.0,114.0,114.0,114.0,12.0,,Pahadi Dahi Tadka R,vegetarian,
115,115.0,115.0,115.0,115.0,115.0,115.0,13.0,,Achaari Paneer Kathi Roll R,vegetarian,
116,116.0,116.0,116.0,116.0,116.0,116.0,14.0,,Amritsari Sookhi Dal R,vegetarian,
117,117.0,117.0,117.0,117.0,117.0,117.0,15.0,,Air Fryer Spring Rolls R,vegetarian,
118,118.0,118.0,118.0,118.0,118.0,118.0,16.0,,Corn Palak Khichdi R,vegetarian,
119,119.0,119.0,119.0,119.0,119.0,119.0,17.0,,Carrot Pasta Sauce R,vegetarian,
120,120.0,120.0,120.0,120.0,120.0,120.0,18.0,,Homemade Atta Maggi Noodles R,vegetarian,
121,121.0,121.0,121.0,121.0,121.0,121.0,19.0,,Low Calorie Teen Ratna Dal R,vegetarian,
122,122.0,122.0,122.0,122.0,122.0,122.0,20.0,,Avallaki Payasa R,vegetarian,
123,123.0,123.0,123.0,123.0,123.0,123.0,21.0,,Sadeko Aloo R,vegetarian,
124,124.0,124.0,124.0,124.0,124.0,124.0,22.0,,Kaddu Ki Sabji R,vegetarian,
125,125.0,125.0,125.0,125.0,125.0,125.0,23.0,,Kacche Kele Aur Varai (Sams) Ki Tikki R,vegetarian,
126,126.0,126.0,126.0,126.0,126.0,126.0,24.0,,Kesri Singhara Soup (water Chestnut) R,vegetarian,
127,127.0,127.0,127.0,127.0,127.0,127.0,25.0,,Air Fryer Bread Pakoda R,vegetarian,
128,128.0,128.0,128.0,128.0,128.0,128.0,26.0,,Multigrain Paneer Subway Sandwich R,vegetarian,
129,129.0,129.0,129.0,129.0,129.0,129.0,27.0,,Multigrain Veg Subway Sandwich R,vegetarian,
130,130.0,130.0,130.0,130.0,130.0,130.0,28.0,,Taco Salad R,vegetarian,
131,131.0,131.0,131.0,131.0,131.0,131.0,29.0,,Achari Mix Veg R,vegetarian,
132,132.0,132.0,132.0,132.0,132.0,132.0,30.0,,Cheesy Paneer Cigar Roll R,vegetarian,
133,133.0,133.0,133.0,133.0,133.0,133.0,31.0,,Cabbage Pulao R,vegetarian,
134,134.0,134.0,134.0,134.0,134.0,134.0,32.0,,Punjabi Baigan Bharta R,vegetarian,
135,135.0,135.0,135.0,135.0,135.0,135.0,33.0,,Stuffed Besan Kachori R,vegetarian,
136,136.0,136.0,136.0,136.0,136.0,136.0,34.0,,Baingan Sambhar R,vegetarian,
137,137.0,137.0,137.0,137.0,137.0,137.0,35.0,,Veg Tempura Roll R,vegetarian,
138,138.0,138.0,138.0,138.0,138.0,138.0,36.0,,Protein Bhel R,vegetarian,
139,139.0,139.0,139.0,139.0,139.0,139.0,37.0,,Chana Palak Rice R,vegetarian,
140,140.0,140.0,140.0,140.0,140.0,140.0,38.0,,Healthy Medu Vada R,vegetarian,
141,141.0,141.0,141.0,141.0,141.0,141.0,39.0,,Sattu Kachori R,vegetarian,
142,142.0,142.0,142.0,142.0,142.0,142.0,40.0,,Keerai Vadai (Spinach Vada) R,vegetarian,
143,143.0,143.0,143.0,143.0,143.0,143.0,41.0,,Kumaoni Jholi R,vegetarian,
144,144.0,144.0,144.0,144.0,144.0,144.0,42.0,,Potato Chops (From Scratch) R,vegetarian,
145,145.0,145.0,145.0,145.0,145.0,145.0,43.0,,Chilli Cheese Garlic Paratha R,vegetarian,
146,146.0,146.0,146.0,146.0,146.0,146.0,44.0,,Chilka Roti R,vegetarian,
147,147.0,147.0,147.0,147.0,147.0,147.0,45.0,,Rajasthani Mogar Ki Sabzi R,vegetarian,
148,148.0,148.0,148.0,148.0,148.0,148.0,46.0,,Air Fryer Aloo Corn Cutlet R,vegetarian,
149,149.0,149.0,149.0,149.0,149.0,149.0,47.0,,Atta Vegetable Khichdi R,vegetarian,
150,150.0,150.0,150.0,150.0,150.0,150.0,48.0,,Paan Gulkand Modak R,vegetarian,
151,151.0,151.0,151.0,151.0,151.0,151.0,49.0,,Cheesy Pasta With Vegetables R,vegetarian,
152,152.0,152.0,152.0,152.0,152.0,152.0,50.0,,Rajasthani Kadhi Pakoda R,vegetarian,
153,153.0,153.0,153.0,153.0,153.0,0.0,,,Smirnoff  Diwali Sparkle R,beverage,
154,154.0,154.0,154.0,154.0,154.0,1.0,,,Anjeer Water R,beverage,
155,155.0,155.0,155.0,155.0,155.0,2.0,,,Don Paloma R,beverage,
156,156.0,156.0,156.0,156.0,156.0,3.0,,,Lemon Ginger Kadha R,beverage,
157,157.0,157.0,157.0,157.0,157.0,4.0,,,Anjeer Badam Milkshake R,beverage,
158,158.0,158.0,158.0,158.0,158.0,5.0,,,Bajra Ki Raab R,beverage,
159,159.0,159.0,159.0,159.0,159.0,6.0,,,Cucumber Gin And Tonic R,beverage,
160,160.0,160.0,160.0,160.0,160.0,7.0,,,Spiced Mule R,beverage,
161,161.0,161.0,161.0,161.0,161.0,8.0,,,Cranberry  G &amp; T R,beverage,
162,162.0,162.0,162.0,162.0,162.0,9.0,,,Peppermint G &amp; T R,beverage,
163,163.0,163.0,163.0,163.0,163.0,10.0,,,Orange And Pepper Twist R,beverage,
164,164.0,164.0,164.0,164.0,164.0,11.0,,,Caribbean Gin And Tonic R,beverage,
165,165.0,165.0,165.0,165.0,165.0,12.0,,,Ten Tonic R,beverage,
166,166.0,166.0,166.0,166.0,166.0,13.0,,,Shikanji Premix R,beverage,
167,167.0,167.0,167.0,167.0,167.0,14.0,,,Vesper Martini R,beverage,
168,168.0,168.0,168.0,168.0,168.0,15.0,,,Green Forest R,beverage,
169,169.0,169.0,169.0,169.0,169.0,16.0,,,Blue Plantation R,beverage,
170,170.0,170.0,170.0,170.0,170.0,17.0,,,Sweet Lemon Fizz R,beverage,
171,171.0,171.0,171.0,171.0,171.0,18.0,,,Non-Alcoholic Gin-n-Tonic R,beverage,
172,172.0,172.0,172.0,172.0,172.0,19.0,,,Carrot Coriander Juice R,beverage,
173,173.0,173.0,173.0,173.0,173.0,20.0,,,Watermelon Fresca R,beverage,
174,174.0,174.0,174.0,174.0,174.0,21.0,,,Mixed Fruit Lassi R,beverage,
175,175.0,175.0,175.0,175.0,175.0,22.0,,,Curry Highball R,beverage,
176,176.0,176.0,176.0,176.0,176.0,23.0,,,Loving Cup R,beverage,
177,177.0,177.0,177.0,177.0,177.0,24.0,,,Breakfast @ Church Street R,beverage,
178,178.0,178.0,178.0,178.0,178.0,25.0,,,Mango Bubble Tea R,beverage,
179,179.0,179.0,179.0,179.0,179.0,26.0,,,Kumiko R,beverage,
180,180.0,180.0,180.0,180.0,180.0,27.0,,,The Bardot R,beverage,
181,181.0,181.0,181.0,181.0,181.0,28.0,,,Higo Lima R,beverage,
182,182.0,182.0,182.0,182.0,182.0,29.0,,,The Praan R,beverage,
183,183.0,183.0,183.0,183.0,183.0,30.0,,,Saffron Lemon Drink (South Indian Panaka) R,beverage,
184,184.0,184.0,184.0,184.0,184.0,31.0,,,Tumbling Dice R,beverage,
185,185.0,185.0,185.0,185.0,185.0,32.0,,,The Foothill R,beverage,
186,186.0,186.0,186.0,186.0,186.0,33.0,,,Apple Oats Chia Seeds Smoothie R,beverage,
187,187.0,187.0,187.0,187.0,187.0,34.0,,,Variyali Sharbat R,beverage,
188,188.0,188.0,188.0,188.0,188.0,35.0,,,Bengali-Style Aam Pora Sharbat R,beverage,
189,189.0,189.0,189.0,189.0,189.0,36.0,,,Turmeric Milk Tea R,beverage,
190,190.0,190.0,190.0,190.0,190.0,37.0,,,Noor E Jaam R,beverage,
191,191.0,191.0,191.0,191.0,191.0,38.0,,,Ginger Sugar Cane Juice R,beverage,
192,192.0,192.0,192.0,192.0,192.0,39.0,,,Nungu Sherbet (Ice Apple Sherbet) R,beverage,
193,193.0,193.0,193.0,193.0,193.0,40.0,,,Cucumber Delight R,beverage,
194,194.0,194.0,194.0,194.0,194.0,41.0,,,Blueberry Gin Fizz R,beverage,
195,195.0,195.0,195.0,195.0,195.0,42.0,,,Aab Shola R,beverage,
196,196.0,196.0,196.0,196.0,196.0,43.0,,,Nannari Sharbat R,beverage,
197,197.0,197.0,197.0,197.0,197.0,44.0,,,Elaneer Shake (Tender Coconut Milk Shake) R,beverage,
198,198.0,198.0,198.0,198.0,198.0,45.0,,,Watermelon Shikanji R,beverage,
199,199.0,199.0,199.0,199.0,199.0,46.0,,,Mango Ice Tea R,beverage,
200,200.0,200.0,200.0,200.0,200.0,47.0,,,Cucumber Mint Mocktail (Without Sugar) R,beverage,
201,201.0,201.0,201.0,201.0,201.0,48.0,,,Imli Ka Amlana R,beverage,
202,202.0,202.0,202.0,202.0,202.0,49.0,,,Mango Sorbet R,beverage,
203,203.0,203.0,203.0,203.0,203.0,50.0,,,Strawberry Frozen Margarita R,beverage,
204,204.0,204.0,204.0,204.0,0.0,,,,Chicken Takatak R,chicken,
205,205.0,205.0,205.0,205.0,1.0,,,,Konkani Fried Chicken R,chicken,
206,206.0,206.0,206.0,206.0,2.0,,,,Sliced Garlic Chicken R,chicken,
207,207.0,207.0,207.0,207.0,3.0,,,,Masala Chicken Egg Bhurji Sandwich R,chicken,
208,208.0,208.0,208.0,208.0,4.0,,,,Chicken Keema Matar R,chicken,
209,209.0,209.0,209.0,209.0,5.0,,,,Butterfly Chicken R,chicken,
210,210.0,210.0,210.0,210.0,6.0,,,,Diet Cola Chicken R,chicken,
211,211.0,211.0,211.0,211.0,7.0,,,,Himachali Chicken Curry R,chicken,
212,212.0,212.0,212.0,212.0,8.0,,,,Peri Peri Chicken Rolls R,chicken,
213,213.0,213.0,213.0,213.0,9.0,,,,Gongura Chicken Curry R,chicken,
214,214.0,214.0,214.0,214.0,10.0,,,,Black Pepper Chicken Curry R,chicken,
215,215.0,215.0,215.0,215.0,11.0,,,,Tandoori Chicken Puffs R,chicken,
216,216.0,216.0,216.0,216.0,12.0,,,,Chicken Schezwan Spring Rolls R,chicken,
217,217.0,217.0,217.0,217.0,13.0,,,,Lucknow Seekh Hot Dog R,chicken,
218,218.0,218.0,218.0,218.0,14.0,,,,White Butter Chicken R,chicken,
219,219.0,219.0,219.0,219.0,15.0,,,,Green Butter Chicken Gravy R,chicken,
220,220.0,220.0,220.0,220.0,16.0,,,,Tandoori Chicken Kathi Roll R,chicken,
221,221.0,221.0,221.0,221.0,17.0,,,,Chicken Shu Mai R,chicken,
222,222.0,222.0,222.0,222.0,18.0,,,,Air Fryer Chicken Tikka R,chicken,
223,223.0,223.0,223.0,223.0,19.0,,,,Lahori Kadhai Chicken R,chicken,
224,224.0,224.0,224.0,224.0,20.0,,,,Peshawari Chicken Biryani R,chicken,
225,225.0,225.0,225.0,225.0,21.0,,,,Achaari Chicken Kathi Roll R,chicken,
226,226.0,226.0,226.0,226.0,22.0,,,,Chicken Pan-Fried Momos R,chicken,
227,227.0,227.0,227.0,227.0,23.0,,,,Chicken Pepperoni Garlic Bread R,chicken,
228,228.0,228.0,228.0,228.0,24.0,,,,Tandoori Chicken Strips R,chicken,
229,229.0,229.0,229.0,229.0,25.0,,,,Bengali-Style Pepper Chicken R,chicken,
230,230.0,230.0,230.0,230.0,26.0,,,,Chettinad Chicken Biryani R,chicken,
231,231.0,231.0,231.0,231.0,27.0,,,,Boiled Chicken Bharta R,chicken,
232,232.0,232.0,232.0,232.0,28.0,,,,Chicken Samosa R,chicken,
233,233.0,233.0,233.0,233.0,29.0,,,,Tandoori Chicken Tacos R,chicken,
234,234.0,234.0,234.0,234.0,30.0,,,,Creamy Chicken Shawarma In A Pan R,chicken,
235,235.0,235.0,235.0,235.0,31.0,,,,Tibetan-Style Chicken Thukpa R,chicken,
236,236.0,236.0,236.0,236.0,32.0,,,,Butter Chicken Kathi Roll R,chicken,
237,237.0,237.0,237.0,237.0,33.0,,,,Fried Chicken Burger R,chicken,
238,238.0,238.0,238.0,238.0,34.0,,,,Bbq Mango Chicken R,chicken,
239,239.0,239.0,239.0,239.0,35.0,,,,Chicken Egg Parantha Roll R,chicken,
240,240.0,240.0,240.0,240.0,36.0,,,,Mango Chicken Curry R,chicken,
241,241.0,241.0,241.0,241.0,37.0,,,,Nepalese Chicken Choila R,chicken,
242,242.0,242.0,242.0,242.0,38.0,,,,Crispy Thread Chicken R,chicken,
243,243.0,243.0,243.0,243.0,39.0,,,,Pav Bruschetta R,chicken,
244,244.0,244.0,244.0,244.0,40.0,,,,Roast Chicken With Jus Lee R,chicken,
245,245.0,245.0,245.0,245.0,41.0,,,,Goan Chicken Croquette R,chicken,
246,246.0,246.0,246.0,246.0,42.0,,,,Restaurant-Style Xo Chicken Fried Rice R,chicken,
247,247.0,247.0,247.0,247.0,43.0,,,,Punjabi-Style Hariyali Chicken R,chicken,
248,248.0,248.0,248.0,248.0,44.0,,,,Chicken Masale Bhaat R,chicken,
249,249.0,249.0,249.0,249.0,45.0,,,,Chicken Yakhni Pulao R,chicken,
250,250.0,250.0,250.0,250.0,46.0,,,,Lucknowi-Style Chicken Masala R,chicken,
251,251.0,251.0,251.0,251.0,47.0,,,,Palak Chicken R,chicken,
252,252.0,252.0,252.0,252.0,48.0,,,,Chicken Gyro R,chicken,
253,253.0,253.0,253.0,253.0,49.0,,,,Chicken Tawa Boti R,chicken,
254,254.0,254.0,254.0,254.0,50.0,,,,Old Delhi-Style Butter Chicken R,chicken,
255,255.0,255.0,255.0,0.0,,,,,Yakhani Mutton Pulao R,meat,
256,256.0,256.0,256.0,1.0,,,,,Chicken Malai Kofta R,meat,
257,257.0,257.0,257.0,2.0,,,,,Roasted Turkey R,meat,
258,258.0,258.0,258.0,3.0,,,,,Kerala-Style Mutton Curry R,meat,
259,259.0,259.0,259.0,4.0,,,,,No-Oil Mutton Curry R,meat,
260,260.0,260.0,260.0,5.0,,,,,Hyderabadi Lukhmi R,meat,
261,261.0,261.0,261.0,6.0,,,,,Bengali-Style Mutton Curry R,meat,
262,262.0,262.0,262.0,7.0,,,,,Kolkata-Style Keema Kathi Roll R,meat,
263,263.0,263.0,263.0,8.0,,,,,Salami Omelette R,meat,
264,264.0,264.0,264.0,9.0,,,,,Keema Pattice R,meat,
265,265.0,265.0,265.0,10.0,,,,,Dhaba-Style Mutton Curry R,meat,
266,266.0,266.0,266.0,11.0,,,,,Keema Ghotala R,meat,
267,267.0,267.0,267.0,12.0,,,,,Lamb Shank Roganjosh R,meat,
268,268.0,268.0,268.0,13.0,,,,,Meen Pollichathu R,meat,
269,269.0,269.0,269.0,14.0,,,,,BBQ Malai Boti R,meat,
270,270.0,270.0,270.0,15.0,,,,,Mutton Vadai R,meat,
271,271.0,271.0,271.0,16.0,,,,,Salami Roll R,meat,
272,272.0,272.0,272.0,17.0,,,,,Sindhi Mutton Fry R,meat,
273,273.0,273.0,273.0,18.0,,,,,Rara Mutton R,meat,
274,274.0,274.0,274.0,19.0,,,,,Pepperoni Pizza R,meat,
275,275.0,275.0,275.0,20.0,,,,,Saag Gosht R,meat,
276,276.0,276.0,276.0,21.0,,,,,Badam Gosht Korma R,meat,
277,277.0,277.0,277.0,22.0,,,,,Mutton Akbari R,meat,
278,278.0,278.0,278.0,23.0,,,,,Military Mutton Curry R,meat,
279,279.0,279.0,279.0,24.0,,,,,Mutton Spring Roll R,meat,
280,280.0,280.0,280.0,25.0,,,,,Keema Naan R,meat,
281,281.0,281.0,281.0,26.0,,,,,Coriander Mutton Fry R,meat,
282,282.0,282.0,282.0,27.0,,,,,Lahori Mutton Karahi R,meat,
283,283.0,283.0,283.0,28.0,,,,,Kashmiri Harissa R,meat,
284,284.0,284.0,284.0,29.0,,,,,Mutton Tahari R,meat,
285,285.0,285.0,285.0,30.0,,,,,Low Calorie Baingan Chips R,meat,
286,286.0,286.0,286.0,31.0,,,,,Mutton Chaap Fry R,meat,
287,287.0,287.0,287.0,32.0,,,,,Mutton Resha Gosht R,meat,
288,288.0,288.0,288.0,33.0,,,,,Kadaknath Chicken Curry R,meat,
289,289.0,289.0,289.0,34.0,,,,,Keto Butter Chicken R,meat,
290,290.0,290.0,290.0,35.0,,,,,Lahori Charga R,meat,
291,291.0,291.0,291.0,36.0,,,,,The Pancake Underground R,meat,
292,292.0,292.0,292.0,37.0,,,,,Lamb And Almond Korma R,meat,
293,293.0,293.0,293.0,38.0,,,,,Philly Cheesesteak R,meat,
294,294.0,294.0,294.0,39.0,,,,,Nilgiri Turkey Korma R,meat,
295,295.0,295.0,295.0,40.0,,,,,Champaran Mutton Curry R,meat,
296,296.0,296.0,296.0,41.0,,,,,Laal Maas R,meat,
297,297.0,297.0,297.0,42.0,,,,,Andhra Crab Meat Masala R,meat,
298,298.0,298.0,298.0,43.0,,,,,Meat Lovers Pizza R,meat,
299,299.0,299.0,299.0,44.0,,,,,Char Minar Biryani R,meat,
300,300.0,300.0,300.0,45.0,,,,,Cajun Spiced Turkey Wrapped With Bacon R,meat,
301,301.0,301.0,301.0,46.0,,,,,Lamb And Chargrilled Bell Pepper Soup R,meat,
302,302.0,302.0,302.0,47.0,,,,,Nazaqati Boti Kebab R,meat,
303,303.0,303.0,303.0,48.0,,,,,Noodle Keema Donut R,meat,
304,304.0,304.0,304.0,49.0,,,,,Mongolian Lamb Balls R,meat,
305,305.0,305.0,305.0,50.0,,,,,Oyster Lamb R,meat,
306,306.0,306.0,0.0,,,,,,Crab Xec Xec R,seafood,
307,307.0,307.0,1.0,,,,,,Bihari-Style Prawn Curry R,seafood,
308,308.0,308.0,2.0,,,,,,Daab Chingri R,seafood,
309,309.0,309.0,3.0,,,,,,Singapore Chilli Fish R,seafood,
310,310.0,310.0,4.0,,,,,,Sindhi Fish Curry R,seafood,
311,311.0,311.0,5.0,,,,,,Prawn Saganaki R,seafood,
312,312.0,312.0,6.0,,,,,,Black Pepper Crusted King Fish R,seafood,
313,313.0,313.0,7.0,,,,,,Lobster Roll R,seafood,
314,314.0,314.0,8.0,,,,,,Prawn Koliwada R,seafood,
315,315.0,315.0,9.0,,,,,,Tangy Tamarind Prawn Curry R,seafood,
316,316.0,316.0,10.0,,,,,,Amritsari Prawn Fry R,seafood,
317,317.0,317.0,11.0,,,,,,Grilled Norwegian Salmon R,seafood,
318,318.0,318.0,12.0,,,,,,Coriander Prawns R,seafood,
319,319.0,319.0,13.0,,,,,,Prawns And Fish With Chimichurri R,seafood,
320,320.0,320.0,14.0,,,,,,Steamed Fish In Banana Leaves R,seafood,
321,321.0,321.0,15.0,,,,,,Karwar Fish Curry R,seafood,
322,322.0,322.0,16.0,,,,,,Stuffed Bombile R,seafood,
323,323.0,323.0,17.0,,,,,,Kolim Wade R,seafood,
324,324.0,324.0,18.0,,,,,,Cheddar Cheese Sole Fish Tikka R,seafood,
325,325.0,325.0,19.0,,,,,,Paella Valencia R,seafood,
326,326.0,326.0,20.0,,,,,,Chemmeen Biryani R,seafood,
327,327.0,327.0,21.0,,,,,,Fish Tikka R,seafood,
328,328.0,328.0,22.0,,,,,,Pomfret Pulimunchi R,seafood,
329,329.0,329.0,23.0,,,,,,Grilled Stuffed Pomfret In Turmeric Leaf R,seafood,
330,330.0,330.0,24.0,,,,,,Tray Roast Leg Of Lamb R,seafood,
331,331.0,331.0,25.0,,,,,,Andhra Pan Fried Pomfret R,seafood,
332,332.0,332.0,26.0,,,,,,Malabari Fish Curry R,seafood,
333,333.0,333.0,27.0,,,,,,Korean Bibimbap R,seafood,
334,334.0,334.0,28.0,,,,,,Ca Cang Kho R,seafood,
335,335.0,335.0,29.0,,,,,,Yera Sukha R,seafood,
336,336.0,336.0,30.0,,,,,,Portugese Fish Stew R,seafood,
337,337.0,337.0,31.0,,,,,,Tulsi Ajwain Ka Mahi Tikka R,seafood,
338,338.0,338.0,32.0,,,,,,Malabar Fish Curry R,seafood,
339,339.0,339.0,33.0,,,,,,Surmai Curry With Lobster Butter Rice R,seafood,
340,340.0,340.0,34.0,,,,,,Seared Salmon In Tabasco Butter R,seafood,
341,341.0,341.0,35.0,,,,,,"Risotto Lobster With Parmesan Egg Pancake, Confit Tomatoes And Coral Tuille R",seafood,
342,342.0,342.0,36.0,,,,,,Fish Skewers With Coriander And Red Wine Vinegar Dressing R,seafood,
343,343.0,343.0,37.0,,,,,,Seafood Rock Filler R,seafood,
344,344.0,344.0,38.0,,,,,,Morning Greed R,seafood,
345,345.0,345.0,39.0,,,,,,Shrimp &amp; Cilantro Ceviche R,seafood,
346,346.0,346.0,40.0,,,,,,Saewoo Bokumbop (Shrimp Fried Rice) R,seafood,
347,347.0,347.0,41.0,,,,,,Exotic Lovers Roll R,seafood,
348,348.0,348.0,42.0,,,,,,Goan Prawn Curry &amp; Baked Rice Canapes R,seafood,
349,349.0,349.0,43.0,,,,,,Bihari Fish Curry R,seafood,
350,350.0,350.0,44.0,,,,,,Fish With Jamun Sauce R,seafood,
351,351.0,351.0,45.0,,,,,,Prawn Pie R,seafood,
352,352.0,352.0,46.0,,,,,,Beer Batter Fish Fingers R,seafood,
353,353.0,353.0,47.0,,,,,,Malabar Fish Biryani R,seafood,
354,354.0,354.0,48.0,,,,,,Prawn And Litchi Salad R,seafood,
355,355.0,355.0,49.0,,,,,,"Steamed John Dory, Flavours Of India R",seafood,
356,356.0,356.0,50.0,,,,,,Masor Tenga R,seafood,
357,357.0,0.0,,,,,,,One Pot Chhole Chawal R,rice,
358,358.0,1.0,,,,,,,Chutney Pulao R,rice,
359,359.0,2.0,,,,,,,Gongura Kodi Pulao R,rice,
360,360.0,3.0,,,,,,,Samak Pulao R,rice,
361,361.0,4.0,,,,,,,Cabbage Pulao R,rice,
362,362.0,5.0,,,,,,,Chana Palak Rice R,rice,
363,363.0,6.0,,,,,,,Achaari Paneer Pulao R,rice,
364,364.0,7.0,,,,,,,Coorgi Ghee Rice R,rice,
365,365.0,8.0,,,,,,,Achaari Chana Pulao R,rice,
366,366.0,9.0,,,,,,,Mexican Fried Rice R,rice,
367,367.0,10.0,,,,,,,Peshawari Chicken Biryani R,rice,
368,368.0,11.0,,,,,,,Elneer Payasam R,rice,
369,369.0,12.0,,,,,,,Cucumber Rice R,rice,
370,370.0,13.0,,,,,,,No-Oil Vegetable Pulao R,rice,
371,371.0,14.0,,,,,,,Chettinad Chicken Biryani R,rice,
372,372.0,15.0,,,,,,,Phodnicha Bhaat R,rice,
373,373.0,16.0,,,,,,,Haryali Subz Pulao R,rice,
374,374.0,17.0,,,,,,,Udupi Style-Vegetable Pulao R,rice,
375,375.0,18.0,,,,,,,Cucumber Curd Rice R,rice,
376,376.0,19.0,,,,,,,Restaurant-Style Xo Chicken Fried Rice R,rice,
377,377.0,20.0,,,,,,,Keema Chana Dal Pulao R,rice,
378,378.0,21.0,,,,,,,Ramadan Special Khichdi R,rice,
379,379.0,22.0,,,,,,,Veg Dum Biryani R,rice,
380,380.0,23.0,,,,,,,Singapore Fried Rice R,rice,
381,381.0,24.0,,,,,,,Mexican Chicken Rice R,rice,
382,382.0,25.0,,,,,,,Chana Dal Pulao R,rice,
383,383.0,26.0,,,,,,,Gongura Chicken Biryani R,rice,
384,384.0,27.0,,,,,,,Thai Chicken Fried Rice R,rice,
385,385.0,28.0,,,,,,,Biryani Masala R,rice,
386,386.0,29.0,,,,,,,Kolambi Bhaat R,rice,
387,387.0,30.0,,,,,,,Leftover Chicken Curry Biryani R,rice,
388,388.0,31.0,,,,,,,Birbal Ki Khichdi R,rice,
389,389.0,32.0,,,,,,,Jungli Pulao R,rice,
390,390.0,33.0,,,,,,,Kashmiri Yakhni Pulao R,rice,
391,391.0,34.0,,,,,,,Paneer Fried Rice R,rice,
392,392.0,35.0,,,,,,,Hariyali Chicken Biryani R,rice,
393,393.0,36.0,,,,,,,Yakhni Biryani R,rice,
394,394.0,37.0,,,,,,,One-Pot Chicken Rice R,rice,
395,395.0,38.0,,,,,,,Chicken Mandi Biryani R,rice,
396,396.0,39.0,,,,,,,Shahi Dastarkhwan Chicken Biryani R,rice,
397,397.0,40.0,,,,,,,Chicken Seekh Kabab Pulao R,rice,
398,398.0,41.0,,,,,,,Egg Keema Pulao R,rice,
399,399.0,42.0,,,,,,,Karnataka Style Biryani R,rice,
400,400.0,43.0,,,,,,,Keto Fried Rice R,rice,
401,401.0,44.0,,,,,,,Mutton Mandi Biryani R,rice,
402,402.0,45.0,,,,,,,Sofiana Biryani R,rice,
403,403.0,46.0,,,,,,,Butter Chicken Biryani R,rice,
404,404.0,47.0,,,,,,,Fresh Mango Kheer R,rice,
405,405.0,48.0,,,,,,,Coriander Burnt Garlic Rice R,rice,
406,406.0,49.0,,,,,,,Hyderabadi Bagara Khana (Bagara Rice) R,rice,
407,407.0,50.0,,,,,,,Soybean And Baby Potatoes Biryani R,rice,
408,0.0,,,,,,,,Vegan Pizza R,bread,
409,1.0,,,,,,,,Eggless Pav Bun R,bread,
410,2.0,,,,,,,,Achaari Lachha Paratha R,bread,
411,3.0,,,,,,,,Ragi Paratha R,bread,
412,4.0,,,,,,,,Chilli Cheese Garlic Paratha R,bread,
413,5.0,,,,,,,,Chilka Roti R,bread,
414,6.0,,,,,,,,Sri Lankan Pol Roti R,bread,
415,7.0,,,,,,,,Vegetable Roti R,bread,
416,8.0,,,,,,,,Himachali Beduan Roti R,bread,
417,9.0,,,,,,,,Soya Dal Paratha R,bread,
418,10.0,,,,,,,,Doli Ki Roti R,bread,
419,11.0,,,,,,,,Aloo Palak Paratha R,bread,
420,12.0,,,,,,,,Cheese Baida Roti R,bread,
421,13.0,,,,,,,,Peshawari Katlama R,bread,
422,14.0,,,,,,,,Chicken Kothu Parotta R,bread,
423,15.0,,,,,,,,Paneer Paratha R,bread,
424,16.0,,,,,,,,Palak Paneer Lifafa R,bread,
425,17.0,,,,,,,,Aloo Kulcha R,bread,
426,18.0,,,,,,,,Pahadi Kairi Ki Chutney With Gahat Dal Paratha R,bread,
427,19.0,,,,,,,,Butter Chicken Kulcha R,bread,
428,20.0,,,,,,,,Mango Sandwich R,bread,
429,21.0,,,,,,,,Paneer Bhurji Sandwich R,bread,
430,22.0,,,,,,,,Keema Naan R,bread,
431,23.0,,,,,,,,Masala Cheese Toast R,bread,
432,24.0,,,,,,,,Chicken Mayo Sandwich R,bread,
433,25.0,,,,,,,,Karnataka Style Puran Poli R,bread,
434,26.0,,,,,,,,2 Ways Chicken Salami Sandwich R,bread,
435,27.0,,,,,,,,Keema Paratha R,bread,
436,28.0,,,,,,,,Lauki Roti R,bread,
437,29.0,,,,,,,,Grilled Chicken Sandwich R,bread,
438,30.0,,,,,,,,Tawa Bread Rolls R,bread,
439,31.0,,,,,,,,Achari Paneer Paratha R,bread,
440,32.0,,,,,,,,Kashmiri Roti R,bread,
441,33.0,,,,,,,,Chilli Parotta R,bread,
442,34.0,,,,,,,,Tandoori Garlic Naan R,bread,
443,35.0,,,,,,,,Kulcha Naan R,bread,
444,36.0,,,,,,,,Agra Paratha Thali R,bread,
445,37.0,,,,,,,,Onion Garlic Parantha R,bread,
446,38.0,,,,,,,,Gypsy Toast R,bread,
447,39.0,,,,,,,,Meethi Koki R,bread,
448,40.0,,,,,,,,Khoya Khurchan Paratha R,bread,
449,41.0,,,,,,,,Ghavan R,bread,
450,42.0,,,,,,,,Steam Bunny Chicken Bao R,bread,
451,43.0,,,,,,,,Christmas Tree Pizza R,bread,
452,44.0,,,,,,,,German Stollen Bread R,bread,
453,45.0,,,,,,,,Vegetable Bruschetta R,bread,
454,46.0,,,,,,,,Spinach And Feta Crepes R,bread,
455,47.0,,,,,,,,Red Wine Braised Mushroom Flatbread R,bread,
456,48.0,,,,,,,,Ragi Dosa R,bread,
457,49.0,,,,,,,,Bajra-Methi Missi Roti R,bread,
458,50.0,,,,,,,,Morning Greed R,bread,
0,,,,,,,,,Spicy Grilled Chicken R,dinner,
1,,,,,,,,,Teriyaki Chicken Wings R,dinner,
2,,,,,,,,,Mangomisu R,dinner,
3,,,,,,,,,Truffle Edamame Dumpling R,dinner,
4,,,,,,,,,Cheesy Chips Chaat R,dinner,
5,,,,,,,,,Lamb Ouzi R,dinner,
6,,,,,,,,,"Spinach, Figs And Feta-Stuffed Meat Balls R",dinner,
7,,,,,,,,,Sliced Garlic Chicken R,dinner,
8,,,,,,,,,Kunafa Prawns R,dinner,
9,,,,,,,,,Crab Xec Xec R,dinner,
10,,,,,,,,,Surti Locho R,dinner,
11,,,,,,,,,Pan Seared Scallop R,dinner,
12,,,,,,,,,Chicken Involtini R,dinner,
13,,,,,,,,,Khatta Moong R,dinner,
14,,,,,,,,,Tofu Shawarmas R,dinner,
15,,,,,,,,,Tofu Tikka Masala R,dinner,
16,,,,,,,,,Kali Masoor Pulao R,dinner,
17,,,,,,,,,Vegan Dal Makhani R,dinner,
18,,,,,,,,,Hibiscus Meet R,dinner,
19,,,,,,,,,Salmon And Avocado Tartare Passion Fruit Emulsion R,dinner,
20,,,,,,,,,Strawberry Basil Feta Salad R,dinner,
21,,,,,,,,,Rose Mousse R,dinner,
22,,,,,,,,,Quinoa Veggie Burger R,dinner,
23,,,,,,,,,Apple And Nuttie Ice Cream Sandwich R,dinner,
24,,,,,,,,,Choco Cookie Ice Cream Sandwich R,dinner,
25,,,,,,,,,Walnut Lauki Halwa R,dinner,
26,,,,,,,,,Zesty Caramel R,dinner,
27,,,,,,,,,Lemon Chicken Tikka R,dinner,
28,,,,,,,,,Kashmiri Paneer Kaliya R,dinner,
29,,,,,,,,,Aranchini Balls R,dinner,
30,,,,,,,,,Keto Gobhi Pepper Fry R,dinner,
31,,,,,,,,,Chicken Keema Matar R,dinner,
32,,,,,,,,,Hyderabadi Pasinday R,dinner,
33,,,,,,,,,Air Fryer Cheesy Malai Broccoli R,dinner,
34,,,,,,,,,Mexican Stuffed Bell Peppers R,dinner,
35,,,,,,,,,Lehsuni Palak R,dinner,
36,,,,,,,,,Jaisalmeri Malai Ghewar R,dinner,
37,,,,,,,,,Keto Chilli Garlic Paneer R,dinner,
38,,,,,,,,,Crispy Chicken Tortilla Balls R,dinner,
39,,,,,,,,,Sweet Pongal R,dinner,
40,,,,,,,,,Murgh Zaffrani Shorba R,dinner,
41,,,,,,,,,Ragi Soup R,dinner,
42,,,,,,,,,Air Fryer Tandoori Fish Tikka R,dinner,
43,,,,,,,,,Maharashtrian Peeth Perun Bhaji R,dinner,
44,,,,,,,,,Cashew Egg Curry R,dinner,
45,,,,,,,,,Homemade Oregano R,dinner,
46,,,,,,,,,Ganne Ke Rass Ki Kheer R,dinner,
47,,,,,,,,,Jalebi Caviar R,dinner,
48,,,,,,,,,Masoor Dal Soup R,dinner,
49,,,,,,,,,Amla Dal R,dinner,
50,,,,,,,,,Shepu Dal R,dinner,
